순위, 제목, 저자, 가격
1, 트렌드 코리아 2023, 김난도 외, 17100원
2, 사랑은 그렇게 하는 것이 아니다, 김달, 14850원
3, 엄마의 말하기 연습(20만부 기념 스페셜 에디션), 박재연, 13320원
4, 반짝이는 하루ͺ 그게 오늘이야, 레슬리 마샹 외, 15120원
5, 하얼빈, 김훈, 14400원
6, 세상에서 가장 쉬운 본질육아, 지나영, 16920원
7, 아버지의 해방일지, 정지아, 13500원
8, 불편한 편의점 2, 김호연, 12600원
9, 2022 하반기 에듀윌 취업 온라인 SKCT SK그룹 종합역량검사 통합 기본서, 에듀윌 취업연구소, 20700원
10, 역행자, 자청, 15750원
11, 잘될 수밖에 없는 너에게, 최서영, 14400원
12, 바자(BAZAAR)(2022년 11월호), 허스트중앙 편집부, 12260원
13, 바자(BAZAAR)(2022년 11월호)(B형), 허스트중앙 편집부, 12260원
14, 나는 나를 바꾸기로 했다, 우즈훙 외, 14220원
15, 불편한 편의점(40만부 기념 벚꽃 에디션), 김호연, 12600원
16, 부의 치트키, 김성공, 15300원
17, 2022 하반기 해커스 GSAT 삼성직무적성검사 실전모의고사 8회분(수리논리/추리), 해커스 취업교육연구소, 16110원
18, 올리버쌤의 미국식 아이 영어 습관 365, 올리버 그랜트 외, 20700원
19, 마흔에 읽는 니체, 장재형, 14400원
20, 바자(BAZAAR)(2022년 11월호)(C형), 허스트중앙 편집부, 12260원
21, 작은 땅의 야수들, 김주혜 외, 16200원
22, 단순한 열정, 아니 에르노 외, 9000원
23, 심리학이 분노에 답하다, 충페이충 외, 16020원
24, 파친코 2, 이민진 외, 14220원
25, 파친코 1, 이민진 외, 14220원
26, 원씽(The One Thing)(리커버 특별판), 게리 켈러 외, 12600원
27, 이 책은 돈 버는 법에 관한 이야기, 고명환, 15120원
28, 그릿(100쇄 기념 리커버 에디션), 앤절라 더크워스 외, 14400원
29, 부자 아빠 가난한 아빠 1(20주년 특별 기념판), 로버트 기요사키 외, 14220원
30, 생각이 많아 우울한 걸까ͺ 우울해서 생각이 많은 걸까?, 피아 칼리슨 외, 13500원
31, The Scent of PAGE : 디퓨저 200ml, 교보문고, 45000원
32, SQL 자격검정 실전문제, 한국데이터진흥원, 17820원
33, 트렌드 코리아 2023, 김난도 외, 13300원
34, 이토록 평범한 미래, 김연수, 12600원
35, 퀀트 투자 무작정 따라하기, 강환국, 22500원
36, 사람을 얻는 지혜, 발타자르 그라시안 외, 12420원
37, The Scent of PAGE : 룸스프레이 60ml, 교보문고, 19000원
38, The Scent of PAGE : 디퓨저 리필액 250ml, 교보문고, 24000원
39, 2022 해커스 SKCT SK그룹 종합역량검사 봉투모의고사, 해커스 취업교육연구소, 17010원
40, 데일 카네기 인간관계론, 데일 카네기 외, 10350원
41, 돈의 속성(200쇄 리커버에디션), 김승호, 16020원
42, 데이터는 어떻게 인생의 무기가 되는가, 세스 스티븐스 다비도위츠 외, 16920원
43, 혼자서 종이우산을 쓰고 가다, 에쿠니 가오리 외, 13320원
44, 저스트. 킵. 바잉., 닉 매기울리 외, 17820원
45, 믹스(Mix), 안성은(Brand Boy), 16920원
46, 너의 이름을 사랑이라 부른다, 소강석, 8100원
47, 해외설교(올랜도), 박윤식 외, 18000원
48, 오십의 주역공부, 김동완, 16200원
49, 세상의 마지막 기차역, 무라세 다케시 외, 12600원
50, 해커스 GSAT 삼성직무적성검사 Final 봉투모의고사 4회분, 해커스 취업교육연구소, 13410원
51, 2022 큰별쌤 최태성의 별별한국사 기출 500제 한국사능력검정시험 심화, 최태성, 17550원
52, 하버드대생 공부법은 당신과 다르다, 류쉬안 외, 15300원
53, 해커스 토익 기출보카 TOEIC VOCA(토익보카) 단어장, David Cho, 11610원
54, ETS 토익 정기시험 기출문제집 1000 Vol 3 LISTENING(리스닝), ETS, 16020원
55, 세상이 궁금해서 일찍 나왔니?, 이철, 14400원
56, 헤어질 결심 스토리보드북, 박찬욱 (감독) 외, 29700원
57, 부의 추월차선(10주년 스페셜 에디션), 엠제이 드마코 외, 15750원
58, ETS 토익 정기시험 기출문제집 1000 Vol 3 READING(리딩), ETS, 16020원
59, 나는 당신이 행복했으면 좋겠습니다, 박찬위, 12420원
60, 최소한의 이웃, 허지웅, 14220원
61, 기분을 관리하면 인생이 관리된다, 김다슬, 15840원
62, 2022 큰별쌤 최태성의 별별한국사 한국사능력검정시험 심화(1ͺ 2ͺ 3급)(상), 최태성, 13500원
63, EBS 만점마무리 봉투모의고사 국어영역 3회분(2022)(2023 수능대비), EBS교육방송 편집부, 7650원
64, 심리학이 조조에게 말하다 1, 천위안 외, 16020원
65, 엉뚱소심 유령 탐정단 1: 도서관 유령 소동, 도리 힐레스타드 버틀러 외, 11700원
66, 2022 큰별쌤 최태성의 별별한국사 한국사능력검정시험 심화(1ͺ 2ͺ 3급)(하), 최태성, 13050원
67, EBS 만점마무리 봉투모의고사 영어영역 3회분(2022)(2023 수능대비), EBS교육방송 편집부, 7200원
68, 타이탄의 도구들(블랙 에디션), 팀 페리스 외, 16200원
69, 이기적 유전자(40주년 기념판), 리처드 도킨스 외, 18000원
70, 4영리에 대하여 들어 보셨습니까(소책자), 편집부, 140원
71, 빠르게 실패하기, 존 크럼볼츠 외, 14850원
72, 거의 모든 행동 표현의 영어, 서영조, 14400원
73, 아주 작은 습관의 힘, 제임스 클리어 외, 14400원
74, 방구석 뮤지컬, 이서희, 14850원
75, 나의 투자는 새벽 4시에 시작된다, 유목민, 17820원
76, 10배의 법칙, 그랜트 카돈 외, 15120원
77, 위로의 미술관, 진병관, 16920원
78, 2022 하반기 All-New SKCT SK그룹 온라인 최신기출유형+모의고사 5회+무료SK특강, SD적성검사연구소, 15400원
79, 언어를 디자인하라, 유영만 외, 15300원
80, 클루지, 개리 마커스 외, 12420원
81, EBS 고난도 시크릿X 봉투모의고사 영어영역(2022)(2023 수능 대비), EBS교육방송 편집부, 8550원
82, 나는 오래된 거리처럼 너를 사랑하고, 진은영, 10800원
83, 어서 오세요ͺ 이야기 수학 클럽에, 김민형, 14400원
84, EBS Final 실전모의고사 고등 영어영역(2022)(2023 수능대비), EBS교육방송 편집부, 9900원
85, 어서 오세요ͺ 휴남동 서점입니다 (여름 숲 에디션), 황보름, 13500원
86, 두레문학(2022년 하반기 제32호), 두레문학 편집부, 9500원
87, 그리고 행복하다는 소식을 들었습니다, 이병률, 14220원
88, 예쁘게 말하는 네가 좋다, 김범준, 14220원
89, 가녀장의 시대, 이슬아, 13500원
90, 기도수첩(Remnant)(2022년 11월호), 생명 편집부, 4750원
91, 흔한남매의 흔한 호기심 7, 안치현 외, 12600원
92, 우리는 어디서 살아야 하는가, 김시덕, 16200원
93, 2022 해커스 GSAT 삼성직무적성검사 통합 기본서 최신기출유형+실전모의고사, 해커스 취업교육연구소, 20610원
94, 외사랑, 히가시노 게이고 외, 16020원
95, 어떻게 말해줘야 할까(60만 부 기념 한정판 리커버), 오은영 외, 15750원
96, 2022 하반기 에듀윌 취업 온라인 GSAT 삼성직무적성검사 실전 봉투모의고사 10회, 에듀윌 취업연구소, 16200원
97, 작별인사(밤하늘 에디션), 김영하, 12600원
98, 오싹오싹 크레용!, 에런 레이놀즈 외, 11700원
99, 진짜 쓰는 실무 엑셀, 오빠두(전진권), 18900원
100, 마이클 모부신 운과 실력의 성공 방정식, 마이클 모부신 외, 16200원
101, 교보문고 시그니처 독서대(월넛), 교보문고, 58500원
102, 부의 인문학(20만부 기념 개정증보판), 우석, 15300원
103, 좋은 불평등, 최병천, 19800원
104, 혼자 공부하는 파이썬, 윤인성, 19800원
105, 아몬드(100만 부 기념 특별판), 손원평, 10800원
106, EBS Final 실전모의고사 고등 국어영역(2022)(2023 수능대비), EBS교육방송 편집부, 9900원
107, 쎈 중등 수학 2-2(2022), 홍범준 외, 14400원
108, 나는 나의 밤을 떠나지 않는다, 아니 에르노 외, 10800원
109, 엄마의 말 연습, 윤지영, 15750원
110, 대발이는 벚꽃을 좋아해, 안도현, 10800원
111, 변화하는 세계 질서, 레이 달리오 외, 34200원
112, 2022 ADsP 데이터 분석 준전문가, 윤종식, 25200원
113, 365 부모 말하기 연습 일력, 박재연 외, 16200원
114, 마지막 몰입: 나를 넘어서는 힘, 짐 퀵 외, 15120원
115, 문장과 순간, 박웅현, 16200원
116, 설민석의 한국사 대모험 22, 설민석 외, 11700원
117, 역설계, 론 프리드먼 외, 16020원
118, 다이어트 사이언스(2022), 최겸, 19800원
119, 2022 에듀윌 취업 SKCT SK그룹 종합역량검사 통합 기본서 최신기출유형+실전ㆍ직무모의고사 5회, 에듀윌 취업연구소, 20700원
120, 데일 카네기 자기관리론(1948년 초판 완역본), 데일 카네기 외, 10350원
121, 부자의 그릇, 이즈미 마사토 외, 13500원
122, EBS 만점마무리 봉투모의고사 Red Edition(2022)(2023 수능 대비), EBS교육방송 편집부, 13050원
123, 테라피스트, B. A. 패리스 외, 14400원
124, 2023 써니 행정법총론 기출문제집, 박준철, 37800원
125, 우리의 정원, 김지현, 10800원
126, 물고기는 존재하지 않는다, 룰루 밀러 외, 15300원
127, 돈ͺ 뜨겁게 사랑하고 차갑게 다루어라, 앙드레 코스톨라니 외, 10800원
128, 능률 VOCA 어원편, NE능률 영어교육연구소, 13500원
129, 순례 주택, 유은실, 11700원
130, 긴긴밤, 루리 외, 10350원
131, EBS 만점마무리 봉투모의고사 수학영역 3회분(2022)(2023 수능대비), EBS교육방송 편집부, 7200원
132, 백년허리 2: 치료편, 정선근, 16650원
133, 단순한 열정, 최정수 외, 7000원
134, 무조건 수익 내는 실전 부동산 경매, 나땅(이소라), 18000원
135, 벌거벗은 한국사: 인물편, tvN STORY 〈벌거벗은 한국사〉 제작팀 외, 16920원
136, 오은영의 화해, 오은영, 14400원
137, 마음세탁소, 황웅근, 13500원
138, 오투 중등 과학 3-2(2022), 비상교육 편집부, 15750원
139, 다정한 것이 살아남는다, 브라이언 헤어 외, 19800원
140, 하얼빈, 김훈, 11200원
141, 컬러의 방, 폴 심프슨 외, 19800원
142, 사로잡는 얼굴들, 이사 레슈코 외, 25200원
143, 참 괜찮은 태도, 박지현, 15120원
144, 내 일로 건너가는 법, 김민철, 15120원
145, 수학은 어떻게 문명을 만들었는가, 마이클 브룩스 외, 19800원
146, EBS 만점마무리 봉투모의고사 사회탐구영역 생활과 윤리 5회분(2022)(2023 수능대비), EBS교육방송 편집부, 5400원
147, EBS 만점마무리 봉투모의고사 사회탐구영역 사회 문화 5회분(2022)(2023 수능대비), EBS교육방송 편집부, 5400원
148, 월급쟁이 부자로 은퇴하라(10만 부 돌파 기념 증보판), 너나위, 17820원
149, EBS 수능완성 영어영역 영어(2022)(2023 수능대비), EBS교육방송 편집부, 9630원
150, 2022 해커스 파생상품투자권유자문인력 최종핵심정리문제집+실전모의고사 2회분, 민영기 외, 24210원
151, 오십에 읽는 논어(교보문고 특별판 리커버), 최종엽, 14400원
152, 삐뽀삐뽀 119 이유식, 하정훈, 17010원
153, 침묵의 봄, 레이첼 카슨 외, 16200원
154, 레버리지, 롭 무어 외, 14400원
155, 흔한남매 수수께끼 어드벤처 1, 노지영 외, 12600원
156, 세월, 아니 에르노 외, 13950원
157, 누구에게도 상처받을 필요는 없다, 지민석, 12600원
158, EBS 수능특강 영어영역 영어(2022)(2023 수능대비), EBS교육방송 편집부, 8100원
159, 세계미래보고서 2023, 박영숙 외, 16200원
160, 마지막 이야기 전달자, 도나 바르바 이게라 외, 16200원
161, 한국 교회 트렌드 2023, 지용근 외, 18000원
162, 다니엘 핑크 후회의 재발견, 다니엘 핑크 외, 16200원
163, 어느 날ͺ 내 죽음에 네가 들어왔다, 세이카 료겐 외, 13500원
164, 오늘 밤ͺ 세계에서 이 사랑이 사라진다 해도, 이치조 미사키 외, 12600원
165, 지리의 힘, 팀 마샬 외, 15300원
166, 예비 매3비 매일 지문 3개씩 푸는 비문학 독서 기출, 안인숙, 14400원
167, 사피엔스, 유발 하라리 외, 19800원
168, 계절의 위로, 서은, 13950원
169, 뇌ͺ 욕망의 비밀을 풀다, 한스 게오르크 호이젤 외, 16200원
170, 김승옥문학상 수상작품집(2022), 편혜영 외, 9000원
171, 2022 단기 합격 해커스공기업 NCS 통합 기본서 직업기초능력평가+직무수행능력평가, 윤종혁 외, 20610원
172, 100발100중 중등 영어 3-2 기말고사 기출문제집(동아 윤정미)(2022), 에듀원 편집부, 12600원
173, 스틱, 칩 히스 외, 13500원
174, MAXIDENT [GO VER] [한정반], STRAY KIDS(스트레이 키즈), 16300원
175, 꽃을 보듯 너를 본다, 나태주, 9000원
176, 2022 하반기 All-New 기출이 답이다 SKCT SK그룹 온라인 종합역량검사+무료SK특강, SD적성검사연구소, 12600원
177, 2022 하반기 렛유인 GSAT 삼성직무적성검사 Final 봉투모의고사, 정지성 외, 14400원
178, 신인류가 몰려온다, 이시형, 14400원
179, EBS 고난도 시크릿X 봉투모의고사 국어영역(2022)(2023 수능 대비), EBS교육방송 편집부, 8820원
180, 흔한남매 11, 백난도 외, 13050원
181, 인플레이션에서 살아남기, 오건영, 16920원
182, 한국보훈복지의료공단 보훈병원 필기시험 실력평가 모의고사, 간호사시험연구소, 18900원
183, 큰별쌤 최태성의 별별한국사 7일의 기적 한국사능력검정시험 심화(1ͺ 2ͺ 3급), 최태성, 13950원
184, 쎈 중등 수학 3-2(2022), 홍범준 외, 13950원
185, 매3비 매일 지문 3개씩 푸는 비문학 독서 수능 기출(2022)(2023 수능대비), 안인숙, 15300원
186, 이어령의 마지막 수업, 김지수 외, 14850원
187, 당신의 뇌는 최적화를 원한다, 가바사와 시온 외, 13500원
188, 욕망의 진화, 데이비드 버스 외, 19800원
189, 중학영문법 3800제 1학년(2023), 마더텅 편집부, 12510원
190, 아홉 살 마음 사전, 박성우 외, 9900원
191, Wonder 영화 <원더> 원작 소설 미국판, R. J. Palacio, 6400원
192, 장사의 신, 우노 다카시 외, 12600원
193, 내가 알고 있는 걸 당신도 알게 된다면(리커버 에디션), 칼 필레머 외, 15300원
194, 대한민국 부동산 부의 역사, 이상우 외, 19800원
195, 눈물 한 방울, 이어령, 14220원
196, 천일문 기본 Basic 1001 Sentences, 김기훈 외, 17100원
197, 백년허리 1: 진단편, 정선근, 16650원
198, 아버지의 해방일지, 정지아, 12000원
199, 부자 아빠 가난한 아빠. 1(20주년 특별 기념판), 안진환 외, 11000원
200, ADHD 우리 아이 어떻게 키워야 할까, 신윤미, 16200원
201, 어린이를 위한 역사의 쓸모 2: 고려 시대 - 조선 전기, 최태성 외, 13500원
202, 2022 하반기 고시넷 NCS 지역농협 6급 오픈봉투모의고사, 고시넷 NCS 연구소, 19800원
203, 어린이를 위한 역사의 쓸모 1: 선사시대~남북국 시대, 최태성 외, 13500원
204, EBS 만점마무리 봉투모의고사 한국사영역 5회분(2022)(2023 수능대비), EBS교육방송 편집부, 5400원
205, 멘탈을 바꿔야 인생이 바뀐다, 박세니, 14220원
206, 해커스 OPIc 오픽 START Intermediate 공략, 해커스 오픽연구소, 14310원
207, 소크라테스 익스프레스, 에릭 와이너 외, 16200원
208, 달러구트 꿈 백화점(레인보우 에디션), 이미예, 12420원
209, 정리하는 뇌, 대니얼 J. 레비틴 외, 19800원
210, 인간 실격, 다자이 오사무 외, 8100원
211, The Scent of PAGE : 차량용 방향제, 교보문고, 36000원
212, 위라클(WERACLE), 박위, 13500원
213, 한반도에 지저스 웨이브가 온다, 김성욱, 16200원
214, 미움받을 용기, 기시미 이치로 외, 13410원
215, 코스모스, 칼 세이건 외, 17910원
216, 이것은 작은 브랜드를 위한 책, 이근상, 14220원
217, 사건, 아니 에르노 외, 9720원
218, 미술관에 간 바이올리니스트, 이수민 외, 16200원
219, 매거진 B(Magazine B) No.91: Hawaii(한글판), 매거진 B 편집부, 19000원
220, 예민한 아이를 위한 부모 수업, 일레인 N. 아론 외, 16200원
221, 미술관을 빌려드립니다: 프랑스, 이창용, 17550원
222, 운명을 바꾸는 부동산 투자 수업(11만 부 기념 바이블 에디션), 부동산읽어주는남자(정태익), 27000원
223, 위대한 과학 고전 30권을 1권으로 읽는 책, 김성근, 16020원
224, 해커스 국민건강보험공단 NCS+법률 봉투모의고사 5+4회, 해커스 취업교육연구소, 13410원
225, 대출의 마법, 김은진, 18000원
226, 2022 하반기 에듀윌 공기업 국민건강보험공단 NCS+법률 봉투모의고사 4+3회+법률 100제, 에듀윌 취업연구소, 15750원
227, 헤어질 결심 각본, 정서경 외, 13500원
228, 2022 해커스 투자자산운용사 최종핵심정리문제집+실전모의고사 3회분, 백영 외, 30510원
229, 마음의 법칙, 폴커 키츠 외, 14400원
230, 오투 중등 과학 2-2(2022), 비상교육 편집부, 16650원
231, 세계를 건너 너에게 갈게, 이꽃님, 10350원
232, 마법에서 과학으로: 자석과 스핀트로닉스, 김갑진, 16200원
233, 돈의 심리학(10만 부 돌파 기념 골드 에디션), 모건 하우절 외, 17820원
234, 서찰을 전하는 아이, 한윤섭 외, 10800원
235, 총 균 쇠, 재레드 다이아몬드 외, 25200원
236, 넛지(파이널 에디션), 리처드 탈러 외, 19800원
237, 백년운동, 정선근, 17550원
238, 중학영문법 3800제 2학년(2023), 마더텅 편집부, 13410원
239, 데미안, 헤르만 헤세 외, 7200원
240, 2023 부산광역시교육청 교육공무직원 소양평가 인성검사 3회+실전모의고사 7회+면접+무료공무직특강, SD적성검사연구소, 19800원
241, 빈 옷장, 아니 에르노 외, 13050원
242, 올드패션 베이킹북, 이수정, 25200원
243, 오버로드 15: 하프엘프 신인(상), 마루야마 쿠가네 외, 10800원
244, 책과 우연들, 김초엽, 14400원
245, 딥 타임, 크리스티앙 클로 외, 15300원
246, 초역 니체의 말, 프리드리히 니체 외, 14220원
247, 재수사 1, 장강명, 14400원
248, 오늘 밤ͺ 세계에서 이 눈물이 사라진다 해도, 이치조 미사키 외, 12600원
249, 계속 가보겠습니다, 임은정, 16200원
250, 튜브, 손원평, 13500원
251, 바로 쓰는 영어, 셀리, 16200원
252, 2023 해커스공무원 신민숙 쉬운국어 어법 필기노트(9급 공무원ͺ 7급 공무원), 신민숙, 13950원
253, 비상식적 성공 법칙, 간다 마사노리 외, 15300원
254, EBS Final 실전모의고사 고등 수학영역(2022)(2023 수능대비), EBS교육방송 편집부, 9900원
255, 해커스 토익 RC 리딩(Reading) 토익 기본서, David Cho, 16920원
256, 해커스 보카(Hackers Vocabulary), David Cho, 15210원
257, 지구 끝의 온실(여름 에디션), 김초엽, 13500원
258, 한끝 중등 역사 2-2(2023), 비상교육 편집부, 11700원
259, 최상위 수학 초등 5-2(2022), 디딤돌 편집부, 13500원
260, 숲 속에서, 마리 홀 에츠 외, 8550원
261, 삶의 격, 페터 비에리 외, 14400원
262, 시크릿, 론다 번 외, 12420원
263, 2ND MINI ALBUM [ANTIFRAGILE] [WEVERSE ALBUMS VER], LE SSERAFIM(르세라핌), 10100원
264, 몬스터 차일드, 이재문 외, 10800원
265, 체리새우: 비밀글입니다, 황영미, 10350원
266, 개념원리 고등 수학(상)(2022), 이홍섭, 16200원
267, 위풍당당 여우 꼬리 3: 핼러윈과 어둠 숨바꼭질, 손원평 외, 11700원
268, 소설 보다: 가을 2022, 김기태 외, 3150원
269, 반도체 애널리스트의 리서치 습관, 김경민, 15300원
270, 재수사 2, 장강명, 14400원
271, 디딤돌 초등수학 기본+응용 5-1(2023), 디딤돌 편집부, 14400원
272, EEA: English for Everyday Activities(한글판), Lawrence J. Zwier, 12600원
273, 그리스도인의 확신, 네비게이토 편집부, 3600원
274, 세상에서 가장 쉬운 본질육아, 지나영, 15040원
275, 마흔에 읽는 니체, 장재형, 13000원
276, 원씽(The One Thing)(리커버 특별판), 구세희 외, 10000원
277, 사람을 얻는 지혜, 발타자르 그라시안 외, 7590원
278, 사랑받는 막내는 처음이라. 1, 미래나비, 3500원
279, 구궐황도. 4, 구중탑, 2900원
280, 구궐황도. 2, 구중탑, 2900원
281, 구궐황도. 3, 구중탑, 2900원
282, 영원한 계약 43화 (42화),  앤드비  , 600원
283, 슬픔이 택배로 왔다, 정호승, 9900원
284, 부동산 경매로 1년 만에 꼬마빌딩주 되다, 김상준, 16200원
285, 이해원 모의고사 시즌3(2022)(2023 수능대비), 이해원, 17100원
286, 리얼 교토: 고베 나라(2022~2023), 황성민 외, 16200원
287, EBS 고난도 시크릿X 봉투모의고사 수학영역(2022)(2023 수능 대비), EBS교육방송 편집부, 8820원
288, 2023 황변과 함께하는 로스쿨면접 Q (1ͺ2ͺ3) 세트, 황정현 외, 56700원
289, 채사장의 지대넓얕 4: 보이지 않는 손, 채사장 외, 13500원
290, 나의 아름다운 할머니, 심윤경, 11700원
291, 푸른 사자 와니니 4: 작은 코뿔소 파투, 이현 외, 10800원
292, 벌거벗은 세계사: 전쟁편, tvn<벌거벗은세계사>제작팀, 20700원
293, 패턴국어 중학문학 현대시, 류대곤 외, 14400원
294, 세계사를 바꾼 커피 이야기, 우스이 류이치로 외, 16200원
295, 28시간에 끝내는 토익스피킹 스타트, 황인기 외, 16110원
296, EBS 수능완성 국어영역 독서·문학·화법과 작문(2022)(2023 수능대비), EBS교육방송 편집부, 9630원
297, 내가 틀릴 수도 있습니다, 비욘 나티코 린데블라드 외, 14400원
298, 2022 해커스 NCS 지역농협 6급 통합 기본서 인적성 및 직무능력평가, 해커스 취업교육연구소, 23310원
299, 큰별쌤 최태성의 별별한국사 시대별 기출문제집 한국사능력검정시험 심화(1ͺ2ͺ3급), 최태성, 16200원
300, 경제기사 궁금증 300문 300답(2022), 곽해선, 19800원
301, 아이주도 이유식 유아식 매뉴얼 세트, BLW 연구소 외, 21150원
302, 발타자르 그라시안의 인생 수업, 발타자르 그라시안 외, 13500원
303, 영어 회화의 결정적 단어들, 서영조, 13500원
304, 푸른 사자 와니니, 이현 외, 9720원
305, 경제지표 정독법, 김영익, 16650원
306, 알밤 소풍, 김지안 외, 9000원
307, 그림의 힘(프레더릭 레이턴 리커버 에디션), 김선현, 17820원
308, 왜 리더인가, 이나모리 가즈오 외, 14400원
309, 고등 어법끝 Start, 김기훈 외, 14400원
310, 마법천자문 54: 처음으로 찾아내다! 발견, 유대영 외, 12600원
311, 문재인의 위로 필사, 문재인 외, 15750원
312, 남자의 자리, 아니 에르노 외, 10800원
313, 훌훌, 문경민, 11250원
314, 쎈 중등 수학 2-1(2022), 홍범준 외, 14400원
315, Clean Code(클린 코드), 로버트 C. 마틴 외, 29700원
316, 호밀밭의 파수꾼, 제롬 데이비드 샐린저 외, 7200원
317, 불편한 편의점, 김호연, 9800원
318, 구궐황도. 11, 구중탑, 2900원
319, 구궐황도. 5, 구중탑, 2900원
320, 새벽의 연화. 37, MIZUHO KUSANAGI, 2500원
321, 아이주도 이유식 유아식 매뉴얼 세트, BLW 연구소 외, 21150원
322, 발타자르 그라시안의 인생 수업, 발타자르 그라시안 외, 13500원
323, 영어 회화의 결정적 단어들, 서영조, 13500원
324, 푸른 사자 와니니, 이현 외, 9720원
325, 경제지표 정독법, 김영익, 16650원
326, 알밤 소풍, 김지안 외, 9000원
327, 그림의 힘(프레더릭 레이턴 리커버 에디션), 김선현, 17820원
328, 왜 리더인가, 이나모리 가즈오 외, 14400원
329, 고등 어법끝 Start, 김기훈 외, 14400원
330, 마법천자문 54: 처음으로 찾아내다! 발견, 유대영 외, 12600원
331, 문재인의 위로 필사, 문재인 외, 15750원
332, 남자의 자리, 아니 에르노 외, 10800원
333, 훌훌, 문경민, 11250원
334, 쎈 중등 수학 2-1(2022), 홍범준 외, 14400원
335, Clean Code(클린 코드), 로버트 C. 마틴 외, 29700원
336, 호밀밭의 파수꾼, 제롬 데이비드 샐린저 외, 7200원
337, 불편한 편의점, 김호연, 9800원
338, 구궐황도. 11, 구중탑, 2900원
339, 구궐황도. 5, 구중탑, 2900원
340, 새벽의 연화. 37, MIZUHO KUSANAGI, 2500원
341, 라이트쎈 중등 수학 1-1(2022), 홍범준 외, 14850원
342, 벌거벗은 세계사: 사건편, tvn<벌거벗은세계사>제작팀, 20700원
343, 나는 장사의 신이다, 은현장, 15120원
344, 흔한남매 9, 백난도 외, 12150원
345, 디딤돌 초등 수학 응용 5-2(2022), 디딤돌 편집부, 13500원
346, 쎈 고등 수학(하)(2022), 홍범준 외, 13950원
347, 해커스 OPIc 오픽 Advanced 공략, 해커스 오픽연구소, 14310원
348, 월가의 영웅, 피터 린치 외, 23400원
349, 미드나잇 라이브러리(1주년 스페셜 에디션), 매트 헤이그 외, 14220원
350, 토익 단기공략 750+(LC+RC), ETS, 16200원
351, 엄마 나는 자라고 있어요, 헤티 판 더 레이트 외, 19800원
352, EBS 윤혜정의 나비효과 입문편(2022), 윤혜정, 13500원
353, 유럽 도시 기행 1, 유시민, 14850원
354, 부끄러움, 아니 에르노 외, 11250원
355, 경매 권리분석 이렇게 쉬웠어?, 박희철(파이팅팔콘) 외, 16200원
356, 튼이 이유식, 정주희, 19800원
357, 오싹오싹 팬티!, 에런 레이놀즈 외, 11700원
358, ETS 토익 기출 VOCA 출제기관 공식수험서, ETS, 11610원
359, 채근담 필사노트, 홍자성 외, 4500원
360, 송사무장의 부동산 경매의 기술, 송희창, 14400원
361, Give and Take(기브앤테이크), 애덤 그랜트 외, 15750원
362, 기억 전달자, 로이스 로리 외, 10800원
363, 순전한 기독교, C. S. 루이스 외, 12600원
364, 신기한 맛 도깨비식당 1, 김용세 외, 11700원
365, When You Trap a Tiger (2021 Newbery Winner) 2021 뉴베리 수상작ͺ < 호랑이를 덫에 가두면 > 원서, Tae Keller, 6700원
366, 채사장의 지대넓얕 3: 폭력의 시대, 채사장 외, 13500원
367, 싱글맘 부동산 경매로 홀로서기, 이선미 외, 14400원
368, 지적 대화를 위한 넓고 얕은 지식: 제로 편, 채사장, 17820원
369, 도시인의 월든, 박혜윤, 15120원
370, 5년 후 나에게 Q&A a Day(2022 오리지널), 포터 스타일 외, 15120원
371, 어른의 문답법(리커버 스페셜 에디션), 피터 버고지언 외, 15120원
372, 쎈 중등 수학 1-2(2022), 홍범준 외, 14400원
373, 맨발로 걸어라: 돈이 안 들고 부작용이 없는 최고의 자연치유요법, 박동창, 15300원
374, 포켓몬 한글쓰기 100일 마스터, 예림당 편집부, 8000원
375, 낙엽 스낵, 백유연 외, 10800원
376, 유럽 도시 기행 2, 유시민, 15750원
377, 원피스 102: 천왕산, Eiichiro Oda, 4950원
378, 마더텅 수능기출문제집 영어 독해(2022)(2023 대비), 마더텅 편집부, 17910원
379, 해커스 토익 실전 1200제 RC Reading 리딩, 해커스어학연구소, 16110원
380, 밝은 밤, 최은영, 13050원
381, 생각하라 그리고 부자가 되어라, 나폴레온 힐 외, 16200원
382, 파친코 2, 이민진 외, 12500원
383, 그릿(100쇄 기념 리커버 에디션), 김미정 외, 11200원
384, 구궐황도. 9, 구중탑, 2900원
385, 소꿉친구의 장난 - 한뼘 로맨스 컬렉션 491, JJYARONG, 1000원
386, 불순한 스캔들. 외전, 리버 진, 1000원
387, 디지털 트렌드 2023, 김지혜, 15750원
388, 된다! 실무 엑셀 파워포인트 워드&한글, 한정희 외, 27000원
389, 라이프 트렌드 2023, 김용섭, 16200원
390, 오늘 좀 그대가 보고 싶네요, 전경섭, 12150원
391, 커픽처스 커피 레시피 101, 김현석, 18000원
392, 이해찬 회고록, 이해찬, 20700원
393, 설민석의 세계사 대모험 14, 설민석 외, 11700원
394, 원펀맨(One Punch Man) 26, One 외, 4950원
395, 게으른 완벽주의자를 위한 심리학, 헤이든 핀치 외, 15300원
396, 당신에게 좋은 소식을 전해줄게요, 권글(권혁탁), 13680원
397, 푸른 사자 와니니 5: 초원의 바람, 이현 외, 10800원
398, 2022 하반기 All-New SKCT SK그룹 온라인 최신기출유형+모의고사 5회+무료SK특강, SD적성검사연구소, 19800원
399, 세계시민이 된 실험경제반 아이들, 김나영 외, 15120원
400, 건강의 뇌과학, 제임스 굿윈 외, 17910원
401, ETS 토익 단기공략 850+(LC+RC), ETS, 17550원
402, 에듀윌 공기업 행과연형(행동과학연구소) NCS 봉투모의고사 4회, 에듀윌 취업연구소, 15300원
403, 최재천의 공부, 최재천 외, 14850원
404, EBS Final 실전모의고사 고등 사회탐구영역 생활과 윤리(2022)(2023 수능대비), EBS교육방송 편집부, 5850원
405, EBS Final 실전모의고사 고등 사회탐구영역 사회ㆍ문화(2022)(2023 수능대비), EBS교육방송 편집부, 5850원
406, 최강의 실험경제반 아이들, 김나영 외, 14850원
407, 에이든 국내여행 가이드북(2022-2023), 이정기 외, 16920원
408, 도파민네이션, 애나 렘키 외, 16200원
409, 보도 섀퍼의 이기는 습관, 보도 섀퍼 외, 15300원
410, 카사노바 호텔, 아니 에르노 외, 12150원
411, 쎈 초등 수학 3-2(2022), 홍범준 외, 14850원
412, 벌거벗은 세계사: 인물편, tvn<벌거벗은세계사>제작팀, 20700원
413, 픽사 스토리텔링, 매튜 룬 외, 13500원
414, 해커스 일본어 첫걸음: 기초20일 독학 완성!, 해커스 일본어연구소, 12510원
415, EBS 수능특강 국어영역 독서(2022)(2023 수능대비), EBS교육방송 편집부, 8190원
416, 2022 혼잡(JOB) 농협은행 6급(5급 공통) 기출분석+실전모의고사 3회분, 혼Job취업연구소, 20700원
417, 마더텅 수능기출 모의고사 30회 영어 영역(2022)(2023 수능대비), 마더텅 편집부, 16110원
418, Grammar Inside(그래머 인사이드) Level 1, NE능률 영어교육연구소, 13950원
419, 한 권으로 끝내는 해커스 토익 700+ (LC+RC+VOCA), 해커스 어학연구소, 17820원
420, 윤혜정의 개념의 나비효과 수능국어개념(2022)(2023 수능대비), EBS교육방송 편집부, 14400원
421, 매3문: 매일 지문 3개씩 푸는 문학 수능 기출(2022)(2023 대비), 안인숙, 15300원
422, 마더텅 수능기출문제집 국어 언어와 매체(2022)(2023 대비), 마더텅 편집부, 13410원
423, 마더텅 수능기출문제집 고등 영어 듣기(2022)(2023 대비), 마더텅 편집부, 13410원
424, 영어 필사 100일의 기적, 퍼포먼스 코치 리아, 13500원
425, 달러구트 꿈 백화점 2(레인보우 에디션), 이미예, 12420원
426, 쎈 중등 수학 1-1(2022), 홍범준 외, 14400원
427, 왜 일하는가, 이나모리 가즈오 외, 14400원
428, 화성에서 온 남자 금성에서 온 여자, 존 그레이 외, 15120원
429, Do it! HTML+CSS+자바스크립트 웹 표준의 정석, 고경희, 27000원
430, 공정하다는 착각, 마이클 샌델 외, 16200원
431, 일품 중등 수학 3(하) 359제(2022), 편집부 외, 10800원
432, 최상위 수학 초등 6-2(2022), 디딤돌 편집부, 13500원
433, 가재가 노래하는 곳, 델리아 오언스 외, 14400원
434, 나는 소망한다 내게 금지된 것을, 양귀자, 13500원
435, 삐뽀삐뽀 119 소아과, 하정훈 외, 26820원
436, 부자 아빠의 투자 가이드, 로버트 기요사키 외, 14850원
437, 동호문답, 이이 외, 16200원
438, Charlotte's Web (Newbery Honor Bookͺ 1953) <샬롯의 거미줄> 원서ͺ 미국판, E. B. White 외, 5650원
439, 개념원리 고등 수학(하)(2022), 이홍섭, 14400원
440, 절세 상식사전(2022), 유종오, 16200원
441, 채식주의자, 한강, 13500원
442, 만복이네 떡집, 김리리 외, 9900원
443, 파이썬과 40개의 작품들, 장문철, 16920원
444, 채사장의 지대넓얕 2: 자본이라는 신, 채사장 외, 12600원
445, 가짜 모범생, 손현주, 10800원
446, 채사장의 지대넓얕 1: 권력의 탄생, 채사장 외, 12600원
447, 마플 시너지 고등 수학(하)(2022), 마플 편집부, 18000원
448, 불순한 스캔들. 1, 리버 진, 3400원
449, 그 가이드가 집착광공의 품에서 벗어나는 방법. 7(완결), 야생꽃, 3300원
450, EBS 만점왕 초등 수학 1-2(2022), EBS교육방송 편집부, 10800원
451, 디지털 트랜스포메이션, 오상진, 14400원
452, 아홉살 인생, 위기철, 10800원
453, 나는 팀장답게 일하고 있는가, 윤영철, 13050원
454, 신경 청소 혁명, 구도 치아키 외, 12600원
455, The Scent of PAGE : 종이방향제, 교보문고, 4000원
456, 잘 파는 사람은 이렇게 팝니다, 황현진, 15120원
457, 매일매일 행복해, 프란체스카 피로네 외, 12600원
458, 읽으면서 바로 써먹는 어린이 수수께끼: 공포 특급, 한날 외, 11700원
459, 너무 잘하려고 애쓰지 마라, 나태주, 12600원
460, 개념원리 중학 수학 1-2(2022), 이홍섭, 15300원
461, 쎈 초등 수학 4-2(2022), 홍범준 외, 14850원
462, 2022 해커스 무역영어 1급 4주 완성 이론+기출+모의고사 11회분, 진민규 외, 25920원
463, 파친코 1, 이민진 외, 12500원
464, 역행자, 자청, 12300원
465, 그 가이드가 집착광공의 품에서 벗어나는 방법. 2, 야생꽃, 3000원
466, 구궐황도. 7, 구중탑, 2900원
467, 구궐황도. 10, 구중탑, 2900원
468, 법련 10월호(2022년), 화광신문사 출판국 법련부編, 1500원
469, 황태녀의 기사, 박유화, 1000원
470, 클라우드 머니, 브렛 스콧 외, 17100원
471, 사진의 용도, 아니 에르노 외, 12600원
472, 엉뚱소심 유령 탐정단 2: 다락방 유령 사건, 도리 힐레스타드 버틀러 외, 11700원
473, 반도체 삼국지, 권석준, 18000원
474, 오늘도 쓰담쓰담, 임윤정 외, 13950원
475, 우리는 모두 생존자입니다, 허심양, 14400원
476, 브랜드 기획자의 시선, 양봄내음 외, 20700원
477, 더 위험한 미래가 온다, 김영익 외, 17100원
478, 워드마스터 중등 실력, 박혜란 외, 12150원
479, 의사 어벤저스 9: 피부 질환ͺ 부드럽게 화해하라!, 고희정 외, 12150원
480, 넘버스 스틱!, 칩 히스 외, 15300원
481, 조정민의 답답답, 조정민, 13500원
482, 아틀라스 한국사, 한국교원대학교 역사교육과 교수진, 32400원
483, High Top(하이탑) 중학교 과학3(2023), 배미정 외, 22950원
484, 쓰면 쓸수록 돈이 모이는 가계부(2023), 안선우, 11200원
485, 2022 투자자산운용사 한권으로 끝내기 ver 8.0, 유창호, 30600원
486, 이것이 금융논술이다 7.0: 금융기관ͺ 금융공기업편, 김정환, 22500원
487, 2022 All-New NH농협은행 5급 필기전형 최신기출유형+모의고사 6회+무료NCS특강, SD적성검사연구소, 23400원
488, 2022 해커스 20대기업 인적성 최신기출유형+실전문제 통합 기본서, 해커스 취업교육연구소, 20610원
489, 임신 출산 육아 대백과(2022~2023), 삼성출판사 편집부, 17550원
490, 2023 해커스 김종수 로스쿨 면접 200주제: 기본편+심화편+기출해설&자소서편, 김종수, 59400원
491, 2023 해커스공무원 이중석 맵핑 한국사 올인원 블랭크노트, 이중석, 15300원
492, 영어 감정 표현 사전, Sam Norris 외, 24300원
493, EBS 만점왕 초등 수학 3-2(2022), EBS교육방송 편집부, 11700원
494, EBS 수능완성 국어영역 독서·문학·언어와 매체(2022)(2023 수능대비), EBS교육방송 편집부, 9630원
495, 흔한남매 10, 백난도 외, 12150원
496, 체크체크 교과서편 국어 중 3-2(천재 박영목)(2022), 천재교육 편집부, 16650원
497, 당신은 결국 무엇이든 해내는 사람, 김상현, 13500원
498, 지극히 사적인 네팔, 수잔 샤키야 외, 14670원
499, 집착, 아니 에르노 외, 9900원
500, 2022 고시넷 NCS 지역농협 6급 기본서 인적성 및 직무능력평가, 고시넷 NCS 연구소, 25200원
501, 늙는다는 착각, 엘렌 랭어 외, 15300원
502, 오백 년째 열다섯, 김혜정, 11250원
503, EBS 수능특강 국어영역 문학(2022)(2023 수능대비), EBS교육방송 편집부, 8190원
504, 해커스 토익 LC 리스닝(Listening) 토익 기본서, David Cho, 16920원
505, 강성태 66일 영어회화, 강성태, 15300원
506, 마더텅 수능기출문제집 국어 독서(2022)(2023 대비), 마더텅 편집부, 16110원
507, 마더텅 수능기출문제집 국어 문학(2022)(2023 수능대비), 마더텅 편집부, 17910원
508, 쎈 초등 수학 5-2(2022), 홍범준 외, 14850원
509, 자이스토리 영어 독해 기본(2022), 수경출판사 편집부, 15750원
510, 쎈 고등 수학1(2022), 홍범준 외, 14400원
511, 모든 것은 기본에서 시작한다, 손웅정, 14400원
512, 해커스 토익 실전 1000제 1 LC Listening(리스닝) 문제집, 해커스 어학연구소, 10710원
513, 잘했고 잘하고 있고 잘 될 것이다(20만 부 기념 개정판), 정영욱, 13500원
514, 엔드 오브 타임, 브라이언 그린 외, 19800원
515, 마음이 흐르는 대로, 지나영, 14400원
516, 시선으로부터ͺ, 정세랑, 12600원
517, 인스타 브레인, 안데르스 한센 외, 13500원
518, 칵테일ͺ 러브ͺ 좀비 (리커버), 조예은, 9000원
519, 지적 대화를 위한 넓고 얕은 지식 1, 채사장, 14400원
520, 이방인, 알베르 카뮈 외, 9000원
521, Pachinko (National Book Award Finalist) 애플TV+ 파친코 원작, Lee Min Jin, 12100원
522, 여름은 오래 그곳에 남아, 마쓰이에 마사시 외, 12600원
523, 정의란 무엇인가, 마이클 샌델 외, 13500원
524, 모순, 양귀자, 11700원
525, 나미야 잡화점의 기적, 히가시노 게이고 외, 13320원
526, 오즈의 마법사, L. 프랭크 바움 외, 10800원
527, 우리글 바로쓰기 1, 이오덕, 14400원
528, 빠작 초등 3~4학년 국어 비문학 독해 3단계, 동아출판 편집부, 10800원
529, 다시ͺ 수학이 필요한 순간, 김민형, 16920원
530, 가방 들어주는 아이, 고정욱 외, 8820원
531, The Scent of PAGE : 차량용 방향제 리필, 교보문고, 16000원
532, 당신에게 위로가 되었으면 좋겠습니다, 정서아, 13680원
533, 눈물의 무게, 신미선, 11700원
534, 두 번째 지구는 없다, 타일러 라쉬, 12600원
535, 스크루테이프의 편지, C. S. 루이스 외, 9900원
536, 구덩이, 루이스 새커 외, 12600원
537, 금쪽이들의 진짜 마음속, 오은영, 17820원
538, 그냥 하지 말라, 송길영, 15300원
539, 100발100중 중등 수학 2-2 기말고사 기출문제집(2022), 에듀원 편집부, 9900원
540, 순서 파괴, 콜린 브라이어 외, 17820원
541, 더우면 벗으면 되지, 요시타케 신스케 외, 10620원
542, 지적 대화를 위한 넓고 얕은 지식 2, 채사장, 14400원
543, 마플시너지 고등 수학2 내신대비 문제집(2022), 임정선, 19800원
544, 초등 경선식 영단어 5-6학년&중학대비, 경선식, 13500원
545, 뿌리깊은 초등국어 독해력 1단계(초등 1-2학년 대상), 마더텅 편집부, 8910원
546, 와인 사피엔스, 김준근, 17820원
547, 수상한 지하실, 박현숙 외, 11700원
548, 마더텅 100% 실전대비 MP3 중학영어듣기 24회 모의고사 2학년(2023), 마더텅 편집부, 12510원
549, 매일 만들어 먹고 싶은 식사샐러드, 남정석, 14940원
550, 대도시의 사랑법, 박상영, 12600원
551, 개념원리 중학 수학 2-1(2023), 개념원리 편집부, 15300원
552, 마음이 흔들려서ͺ 마흔인 걸 알았다, 김선호, 14220원
553, 밥 프록터 부의 확신, 밥 프록터 외, 14400원
554, EBS 만점왕 초등 수학 5-2(2022), EBS교육방송 편집부, 12600원
555, 여행영어 10분의 기적, 해커스어학연구소, 8820원
556, 흔한남매 과학탐험대 3: 인체, 이재국 외, 11520원
557, 천일문 기본 문제집(Training Book), 김기훈 외, 11700원
558, Do it! 점프 투 파이썬, 박응용, 16920원
559, 떨림과 울림, 김상욱, 13500원
560, 당신이 옳다, 정혜신, 14220원
561, Escape from Mr. Lemoncello's Library, Chris Grabenstein, 6600원
562, Out of My Mind, Draper Sharon M., 6450원
563, 차라투스트라는 이렇게 말했다, 프리드리히 니체 외, 9900원
564, 10배의 법칙, 그랜트 카돈 외, 12000원
565, The Scent of PAGE : 미니 룸스프레이 15ml (개선판), 교보문고, 7500원
566, 문제적 상속녀. 2, 아로하, 3200원
567, 구궐황도. 6, 구중탑, 2900원
568, 너만 모르는 애정, 비애가, 1000원
569, 카이스트 미래전략(2023), KAIST 문술미래전략대학원 미래전략연구센터, 22500원
570, 에듀윌 공기업 한국수력원자력 ALL NCS 최최종 봉투모의고사, 에듀윌 취업연구소, 16650원
571, 코딩 자율학습 나도코딩의 C 언어 입문, 나도코딩, 23400원
572, 2022 투자자산운용사 실제유형 모의고사 + 특별부록 PASSCODE Premium ver 1.0, 유창호, 44100원
573, 이게 다 호르몬 때문이야, 마쓰무라 게이코 외, 13500원
574, 처음 읽는 그리스 로마 신화 8: 영웅 헤라클레스, 최설희 외, 12150원
575, 엄마 어디 있지?, 박성우 외, 13500원
576, 쿠키런 서바이벌 대작전 44: 새로운 모험의 시작 편, 김강현 외, 10800원
577, 쿠키런 어드벤처 53: 비밀의 땅속 지하 세계 편, 송도수 외, 10800원
578, 이코노미스트 홍춘욱 투자에도 순서가 있다, 홍춘욱, 16200원
579, 개념원리 중학 수학 3-1(2023), 개념원리 편집부, 15300원
580, 모바일 미래보고서 2023, 커넥팅랩, 16200원
581, 사물의 소멸, 한병철 외, 14220원
582, 프렌즈 스페인 포르투갈(2022~2023), 박현숙, 16200원
583, 열혈강호 86, 전극진 외, 4950원
584, 해파리 버스, 이수현 외, 13500원
585, 2022 신용한 지방자치론 실전모의고사, 신용한 외, 9000원
586, 쇳밥일지, 천현우, 13050원
587, 트로피컬 나이트, 조예은, 13500원
588, 가짜 노동, 데니스 뇌르마르크 외, 15120원
589, 숫자로 일하는 법, 노현태, 13950원
590, 일본어 무작정 따라하기(완전판), 후지이 아사리, 23400원
591, 2023 소방안전관리자 2급 기본문제+5개년 기출문제, 공하성, 18000원
592, 슬로우 미러클 영어 그림책 느리게 100권 읽기의 힘, 고광윤, 26820원
593, 이해원 모의고사 시즌2(2022)(2023 수능대비), 이해원, 19800원
594, 에듀윌 공기업 최신판 인국공 인천국제공항공사 NCS 봉투모의고사 3+1회, 에듀윌 취업연구소, 16650원
595, 2022 하반기 에듀윌 취업 온라인 GSAT 삼성직무적성검사 통합 기본서, 에듀윌 취업연구소, 20700원
596, 도쿄 큐레이션, 이민경 외, 20700원
597, 개념원리 RPM 고등 수학(하)(2022), 이홍섭, 13050원
598, 해커스 토익 실전 1000제 3 RC Reading(리딩) 토익문제집, 해커스 어학연구소, 10710원
599, 기획의 정석(20만부 기념 특별판), 박신영, 14850원
600, 윌리엄 오닐 최고의 주식 최적의 타이밍 성공투자 스토리, 에이미 스미스 외, 16200원
601, 이해원 모의고사 시즌1(2022)(2023 수능대비)(봉투), 이해원, 19800원
602, 2022 해커스 서울교통공사 NCS+전공 봉투모의고사 5+1회, 해커스 취업교육연구소, 12510원
603, 한 컷 한국사, 조한경 외, 18000원
604, 10일 만에 끝내는 해커스 토익스피킹(토스), 해커스 어학연구소, 17010원
605, 2022 에듀윌 공인중개사 2차 실전모의고사 10회분, 임선정 외, 29700원
606, 2022 에듀윌 공인중개사 1차 실전모의고사 10회분, 이영방 외, 26100원
607, EBS 수능완성 수학영역 수학1·수학2·미적분(2022)(2023 수능대비), EBS교육방송 편집부, 8820원
608, 어른의 문해력, 김선영, 12600원
609, 너의 하늘을 보아, 박노해, 17550원
610, 2022 에듀윌 공기업 서울교통공사 NCS+전공 봉투모의고사 5+1회, 에듀윌 취업연구소, 13500원
611, 2022 청소년상담사 2급ㆍ3급 2차 면접대비, 문두식, 24300원
612, 파이썬 머신러닝 완벽 가이드, 권철민, 36000원
613, EBS Final 실전모의고사 고등 과학탐구영역 지구과학1(2022)(2023 수능대비), EBS교육방송 편집부, 5850원
614, 지리의 힘 2, 팀 마샬 외, 20700원
615, 개념원리 RPM 알피엠 중학 수학 1-2(2022), 이홍섭, 14400원
616, 개념원리 중학 수학 2-2(2022), 이홍섭, 15300원
617, 김헌의 그리스 로마 신화, 김헌, 18000원
618, 2022 위포트 국민건강보험공단 NCS 실전 봉투모의고사4+3회(NCS+ 법률), 위포트 연구소, 13320원
619, 그래머 게이트웨이 베이직: 초보를 위한 기초 영문법(Grammar Gateway Basic), David Cho, 13410원
620, 2022 에듀윌 답만보는 운전면허 필기 1종·2종 공통, 도로교통공단, 9900원
621, EBS 수능특강 한국사영역 한국사(2022)(2023 수능대비), EBS교육방송 편집부, 6660원
622, EBS 수능특강 과학탐구영역 지구과학1(2022)(2023 수능대비), EBS교육방송 편집부, 6120원
623, 마더텅 수능기출 모의고사 35회 사회 · 문화(2022)(2023 수능대비), 마더텅 편집부, 10710원
624, 2022 에듀윌 한국사능력검정시험 2주끝장 심화, 에듀윌 한국사교육연구소, 18900원
625, 자이스토리 고등 영어 독해 실전(2022)(2023 수능대비), 수경출판사 편집부, 16650원
626, 방구석 미술관, 조원재, 15120원
627, 마더텅 수능기출문제집 고등 사회·문화(2022)(2023 수능대비), 마더텅 편집부, 17910원
628, 마더텅 수능기출문제집 생명과학1(2022)(2023 수능대비), 마더텅 편집부, 17910원
629, 쎈 초등 수학 6-2(2022), 홍범준 외, 14850원
630, 웰씽킹(WEALTHINKING), 켈리 최, 14400원
631, 제로 투 원(리커버 에디션), 피터 틸 외, 14400원
632, 작별하지 않는다, 한강, 12600원
633, 해커스 토익 실전 1000제 1 RC Reading(리딩) 문제집, 해커스 어학연구소, 10710원
634, 100발100중 중등 영어 3-2 기말고사 기출문제집(천재 정사열)(2022), 에듀원 편집부, 12600원
635, 100발100중 중등 영어 3-2 기말고사 기출문제집(능률 김성곤)(2022), 에듀원 편집부, 10800원
636, 100발100중 중등 수학 3-2 기말고사 기출문제집(2022), 에듀원 편집부, 9900원
637, 이토록 뜻밖의 뇌과학, 리사 팰트먼 배럿 외, 14400원
638, 쎈 중등 수학 3-1(2022), 홍범준 외, 14400원
639, 죽이고 싶은 아이, 이꽃님, 11250원
640, 나는 주식 대신 달러를 산다, 박성현, 14400원
641, 좋은 기업을 넘어 위대한 기업으로(20주년 뉴에디션), 짐 콜린스 외, 16200원
642, 무조건 팔리는 카피 단어장, 간다 마사노리 외, 15750원
643, RADIX LISTENING for the TOEFL iBT Blue Label 2, 능률영어교육연구소, 15300원
644, 모던 자바스크립트 Deep Dive, 이웅모, 40500원
645, 백만장자 시크릿, 하브 에커 외, 14400원
646, 빅터 프랭클의 죽음의 수용소에서, 빅터 프랭클 외, 11700원
647, 죽음의 수용소에서, 빅터 프랭클 외, 8820원
648, 스파이 패밀리 2, Tatsuya Endo 외, 5400원
649, 뿌리깊은 초등국어 독해력 어휘편 1단계(초등 1-2학년 대상), 마더텅 편집부, 8910원
650, 푸른 사자 와니니 2: 검은 땅의 주인, 이현 외, 9720원
651, Word Master 수능 2000, 김태희, 11700원
652, 보카바이블 4.0 세트, 허민, 28800원
653, 뿌리깊은 초등국어 독해력 5단계(초등 5-6학년 대상), 마더텅 편집부, 8910원
654, 생각에 관한 생각, 대니얼 카너먼 외, 22500원
655, EBS 뉴런 중학 수학1(하)(2022), EBS교육방송 편집부, 13050원
656, 나는 4시간만 일한다, 팀 페리스 외, 13320원
657, 수력충전 중등 수학1(하)(2021), 수경출판사 편집부, 9900원
658, 알사탕, 백희나, 10800원
659, 달리기를 말할 때 내가 하고 싶은 이야기, 무라카미 하루키 외, 13050원
660, EBS 50일 고등 수학(하)(2022), EBS 편집부, 6750원
661, EBS 50일 고등 수학(상)(2022), EBS 편집부, 6300원
662, 당신 인생의 이야기, 테드 창 외, 13050원
663, 미움받을 용기 2, 기시미 이치로 외, 13410원
664, 부자 아빠 가난한 아빠 2, 로버트 기요사키 외, 13500원
665, 홍길동전: 춤추는 소매 바람을 따라 휘날리니, 류수열 외, 9900원
666, 동물농장, 조지 오웰 외, 7200원
667, 플랫폼 비즈니스의 미래, 이성열 외, 19800원
668, 슈퍼 히어로의 똥 닦는 법, 안영은 외, 10800원
669, 완자 고등 물리학1(2022), 류상호 외, 18000원
670, 샬롯의 거미줄(Charlotte's Web), 롱테일북스 편집부, 5400원
671, To Kill a Mockingbird, Lee Harper, 5500원
672, 매일성경(개역개정)(2022년 11/12월호), 성서유니온선교회 편집부, 3800원
673, 어린왕자 마음의 눈으로 보이는 것들 탁상달력(2023), 북엔 편집부, 5880원
674, 좋아하는 것을 발견하는 법, 이다혜, 11700원
675, 혼김치, 배양자, 16200원
676, 한 개의 기쁨이 천 개의 슬픔을 이긴다: 삶과 태도에 관하여, 조우성, 13320원
677, 비전공자도 이해할 수 있는 AI 지식, 박상길 외, 17820원
678, 클라우스 슈밥의 위대한 리셋, 클라우스 슈밥 외, 16200원
679, 아레나 옴므+(2022년 11월호), 아레나옴므 편집부, 8080원
680, 개념원리 RPM 중등 수학 2-1(2023), 개념원리 편집부, 13500원
681, EBS 만점왕 초등 수학 4-2(2022), EBS교육방송 편집부, 12150원
682, 엄마 도감, 권정민 외, 11700원
683, 내 아이를 위한 감정코칭, 최성애 외, 15120원
684, 주니어 리딩튜터 Level 2, NE능률영어교육연구소, 10800원
685, Holes (1999 Newbery Medal Winner), Louis Sachar, 5350원
686, 서툰 어른 처방전, 박대선, 15120원
687, 그림의 말들, 태지원, 16650원
688, 과거가 남긴 우울 미래가 보낸 불안, 김아라, 15300원
689, 저만치 혼자서, 김훈, 13500원
690, 너처럼 예쁜 동시ͺ 나태주 동시 따라쓰기, 나태주 외, 12600원
691, 앵무새 죽이기, 하퍼 리 외, 14220원
692, 한경무크 실버타운 올가이드, 문성택 외, 18000원
693, 비즈니스의 미래, 야마구치 슈 외, 14400원
694, 그림 그리기가 이토록 쉬울 줄이야, 이기주, 16200원
695, 비비드 패션 연구실(양장본 Hardcover), 도미(송닷옴) 외, 17550원
696, 나를 살게 하는 것들, 김창옥, 14400원
697, 박문호 박사의 빅히스토리 공부, 박문호, 22500원
698, 2022 파이팅혼공TV 지게차 운전기능사 필기 한방에 정리, 프로듀서 혼공쌤, 12600원
699, 해커스 토익 실전 1200제 LC Listening 리스닝, 해커스어학연구소, 16110원
700, 숲속 100층짜리 집, 이와이 도시오 외, 11700원
701, 5년 후 나에게 Q&A a Day(오로라 Edition), 포터 스타일 외, 15120원
702, 나는 강물처럼 말해요, 조던 스콧 외, 11700원
703, 어린이 맞춤법, 한날 외, 10800원
704, 주니어 리딩튜터 Level 4, NE능률영어교육연구소, 10800원
705, 명상록, 마르쿠스 아우렐리우스 외, 10800원
706, 아픔이 길이 되려면, 김승섭, 16200원
707, 초등 영문법ͺ 문법이 쓰기다 기본 2, 키 영어학습방법연구소, 10800원
708, MIC ON [미니 12집] [MAIN VER], MAMAMOO(마마무), 17800원
709, 2022 위포트 LG그룹 인적성검사 통합 기본서, 위포트 연구소, 18400원
710, 2022 하반기 All-New LG그룹 온라인 인적성검사 최신기출유형+모의고사 5회+무료LG특강, SD적성검사연구소, 14700원
711, 나의 투자는 새벽 4시에 시작된다, 유목민, 13900원
712, 오십의 주역공부, 김동완, 12600원
713, 빠르게 실패하기, 존 크럼볼츠 외, 11550원
714, 2022 상반기 All-New SKCT SK 종합역량검사 봉투모의고사 5회분+무료SK특강, SD적성검사연구소, 11200원
715, 버린 쓰레기는 다시 줍지 않는다. 1, 배고픈밤, 4100원
716, 사랑받는 막내는 처음이라. 2, 미래나비, 3500원
717, 재벌집 막내아들. 2, 산경(山景), 3000원
718, 나의 사랑하는 적들에게. 1, 틸다킴, 3000원
719, 금동. 8, 한청낙화, 3000원
720, 유일한 순정. 2(완결), 문수진, 3000원
721, 구궐황도. 8, 구중탑, 2900원
722, 후애. 외전, 내설, 800원
723, 배타적 연애금지구역 35화,  서울미디어코믹스(서울문화사)  , 500원
724, 도쿄 에일리언즈 4(더블특장판), NAOE 외, 4500원
725, 2023 시나공 정보처리기사 필기, 김정준 외, 31500원
726, 30개 도시로 읽는 미국사, 김봉중, 16920원
727, 보부아르의 말, 시몬 드 보부아르 외, 14400원
728, 국내 최다 이모티콘 승인 작가 씨엠제이가 알려주는 승인율 99.9% 이모티콘 만들기, 씨엠제이(최민정), 13500원
729, 2023 유휘운 행정법총론 진도별 기출문제집(진출), 유휘운, 41400원
730, 착한 아이 버리기, 송주현, 13500원
731, 숲속의 담 5, 다홍, 13500원
732, 해커스 SSAFY (싸피:삼성 청년 SW아카데미) 통합 기본서 SW적성진단+에세이+면접, 해커스 취업교육연구소, 20610원
733, 다시ͺ 평화, 임동원, 27000원
734, 중학 영문법 클리어 Level 2, 동아영어콘텐츠연구팀, 13050원
735, 종합물가정보 세트(2022년 10월호)(통권623호)(전2권), 한국물가정보 편집부, 28500원
736, 마더텅 100% 실전대비 MP3 중학영어듣기 24회 모의고사 1학년(2023), 마더텅 편집부, 11610원
737, 월간최신 취업에 강한 에듀윌 시사상식(2022년 10월호), 에듀윌 상식연구소, 9000원
738, 2023 내 집 마련 가계부, 김유라, 10500원
739, 민쩌미 옛날옛쩜, 민쩌미  외, 11700원
740, 신화의 시대, 토머스 불핀치 외, 19620원
741, 펀자이씨툰 1: 어디로 가세요 펀자이씨?, 엄유진 외, 14400원
742, 전설의 모험왕 엉덩이 댄디 더 영 4: 드래곤을 찾아서!, 하루하라 로빈슨 외, 12150원
743, 통찰의 시간, 신수정, 16200원
744, 백 번 산 고양이 백꼬선생 1, 정연철 외, 11700원
745, 바니타스의 수기 10(특장판), Jun Mochizuki 외, 10800원
746, 2023 갓대환 형사법 기출총정리, 갓대환 형사법 연구실, 72900원
747, 전지적 독자 시점 7, 싱숑 외, 13500원
748, 보테로 가족의 사랑 약국, 이선영, 13500원
749, 2023 이동기 영어 유형별 기출문제집, 이동기 영어교육연구소, 39600원
750, 박병창의 돈을 부르는 매매의 심리, 박병창, 16200원
751, 해빙 잇 올, 존 아사라프 외, 14400원
752, 세대 감각, 바비 더피 외, 16200원
753, Go Go 카카오프렌즈 25: 네덜란드, 김미영 외, 13320원
754, 멘탈이 강해지는 연습, 데이먼 자하리아데스 외, 13500원
755, 2023 심우철 문법 풀이 전략서, 심우철, 13500원
756, 혼자 공부하는 컴퓨터 구조+운영체제, 강민철, 25200원
757, 우주시대에 오신 것을 환영합니다, 켈리 제라디 외, 15300원
758, 자연스러운 인체 드로잉, 박경선, 21150원
759, 2022 하반기 All-New LG그룹 온라인 인적성검사 최신기출유형+모의고사 5회+무료LG특강, SD적성검사연구소, 18900원
760, 내 생각과 관점을 수익화하는 퍼스널 브랜딩, 촉촉한마케터(조한솔), 14400원
761, 아무도 지켜보지 않지만 모두가 공연을 한다, 비비언 고닉 외, 14400원
762, 차이나 쇼크ͺ 한국의 선택, 한청훤, 15300원
763, 혼자 시작하는 사주명리 공부, 김원, 25200원
764, 오늘은 짠테크 내일은 플렉스, 김경필, 15120원
765, 여기는 커스터드ͺ 특별한 도시락을 팝니다, 가토 겐 외, 13500원
766, 꽁꽁꽁 아이스크림, 윤정주, 12600원
767, 해커스공무원 영어 비비안 올인원 영문법(9급 공무원), 비비안, 12600원
768, 입지 센스, 훨훨(박성혜), 18000원
769, EBS 왕초보영어(하)(2022), 마스터유진, 10800원
770, 해커스 토익 실전 1000제 3 LC Listening(리스닝) 토익문제집, 해커스 어학연구소, 10710원
771, 유럽 캠핑 30일, 안수지, 16200원
772, 궤도의 과학 허세(리커버), 궤도, 14400원
773, 말의 알고리즘, 고은미 외, 13500원
774, 스토리만이 살길, 리사 크론 외, 16200원
775, 흔한남매 과학 탐험대 5: 물리 1, 이현진 외, 12600원
776, 세상에서 가장 짧은 한국사, 김재원, 16020원
777, 에그박사 7, 박송이 외, 13050원
778, 2023 시나공 총정리 컴퓨터활용능력 1급 필기, 길벗RD, 19800원
779, 참 쉬운  평생 반찬 요리책, 노고은 외, 19800원
780, EBS 윤혜정의 패턴의 나비효과(2022), EBS교육방송 편집부, 12600원
781, 경매대마왕 반드시 부자 되는 투자의 소신, 심태승, 15300원
782, 당신은 사건 현장에 있습니다, 모데스토 가르시아 외, 25200원
783, 10일 만에 끝내는 해커스 토익스피킹(토스) 스타트, David Cho, 17010원
784, 경리회계 인사노무 경영지원 실무 설명서, 손원준, 27000원
785, 미적분의 쓸모, 한화택, 17550원
786, 프로세스 이코노미, 오바라 가즈히로 외, 14400원
787, 노이즈: 생각의 잡음, 대니얼 카너먼 외, 22500원
788, 브라질에 비가 내리면 스타벅스 주식을 사라, 피터 나바로 외, 16200원
789, 저 별은 모두 당신을 위해 빛나고 있다, 손힘찬(오가타 마리토), 13680원
790, 오감 놀이 동요, 권오순 외 외, 16650원
791, 꽃샘바람에 흔들린다면 너는 꽃, 류시화, 12150원
792, 부동산 절세의 기술, 김동우(투에이스) 외, 17100원
793, 두근두근 편의점, 김영진, 12600원
794, EBS 수능연계완성 4주 특강 고난도 신유형 국어(2022)(2023 수능 대비), EBS교육방송 편집부, 11700원
795, 운명을 바꾸는 부동산 투자 수업: 기초편, 정태익, 15120원
796, 탐닉, 아니 에르노 외, 13950원
797, 2022 에듀윌 위험물산업기사 실기 2주끝장, 최창률, 22500원
798, 해커스 토플 리딩(Hackers TOEFL Reading), David Cho, 21510원
799, 해커스 텝스 기출 보카(TEPS VOCA), David Cho, 13410원
800, 박봄의 사회·문화 표 분석의 패턴(2022), 박봄, 10800원
801, 개념+유형 기초탄탄 라이트 중등 수학 1-2(2022), 비상교육 편집부, 16200원
802, 개념+유형 실력향상 파워 중등 수학 1-2(2022), 비상교육 편집부, 16200원
803, 럭키 드로우, 드로우앤드류, 14400원
804, 고양이 해결사 깜냥 4: 눈썰매장을 씽씽 달려라!, 홍민정 외, 9900원
805, EBS 수능특강 수학영역 수학1(2022)(2023 수능대비), EBS교육방송 편집부, 5040원
806, EBS 수능특강 수학영역 수학2(2022)(2023 수능대비), EBS교육방송 편집부, 5040원
807, 마더텅 수능기출 모의고사 28회 국어 영역(2022)(2023 수능대비), 마더텅 편집부, 17910원
808, ETS 토익 정기시험 기출입문서 LC 리스닝, ETS, 13500원
809, 해커스 첫토익 LC+RC+VOCA, 해커스 어학연구소, 13410원
810, 해커스 토익 실전 1000제 RC Reading(리딩) 2 문제집, 해커스어학연구소, 10710원
811, 딱 2년 안에 무조건 돈 버는 부동산 투자 시크릿, 김세희(세빛희), 15750원
812, 리얼 오리지널 수능기출 6 9 수능 평가원 모의고사 5개년 15회 고3 국어(2022)(2023 대비), 입시플라이 편집부, 14000원
813, 디딤돌 초등 수학 기본+응용 6-2(2022), 디딤돌 편집부, 14400원
814, 위풍당당 여우 꼬리 1: 으스스 미션 캠프, 손원평 외, 10800원
815, 2022 혼잡(JOB) 농협논술 농협상식, 석의현 외, 21600원
816, 해커스 토익 실전 1000제 LC Listening(리스닝) 2 문제집, 해커스어학연구소, 10710원
817, 하루 한 장 365 인문학 달력, 김종원 외, 14400원
818, 지정학의 힘, 김동기, 16200원
819, 어린이라는 세계, 김소영, 13500원
820, 홀로서기 심리학(7만 부 기념 스페셜 에디션), 라라 E. 필딩 외, 13500원
821, EBS 뉴런 중학 역사1(2022), EBS교육방송 편집부, 11700원
822, 햇빛초 대나무 숲에 새 글이 올라왔습니다, 황지영 외, 10800원
823, 경제금융용어 700선, 한국은행, 8000원
824, 오싹오싹 당근, 애런 레이놀즈 외, 10800원
825, 스파이 패밀리 3, Tatsuya Endo 외, 5400원
826, 중학 국어 3-2 평가문제집 (박영목)(2020), 박영목 외 14인, 19000원
827, 최상위 수학 S 초등 6-2(2022), 디딤돌 편집부, 13500원
828, 뿌리깊은 초등국어 독해력 어휘편 5단계(초등 5-6학년 대상), 마더텅 편집부, 8910원
829, 스파이 패밀리 1, Tatsuya Endo, 5400원
830, 최상위 수학 S 초등 5-2(2022), 디딤돌 편집부, 13500원
831, 사랑의 기술, 에리히 프롬 외, 10800원
832, 쇼코의 미소, 최은영, 10800원
833, 환경과 생태 쫌 아는 10대, 최원형 외, 11700원
834, 나의 월급 독립 프로젝트, 유목민, 16200원
835, 페인트, 이희영, 10800원
836, 주니어 리딩튜터 Level 1, NE능률영어교육연구소, 10800원
837, 인스파이어드, 마티 케이건 외, 21600원
838, 종이 동물원, 켄 리우 외, 14220원
839, 하마터면 회계를 모르고 일할 뻔했다!, 김수헌 외, 15120원
840, 무기가 되는 스토리, 도널드 밀러 외, 13320원
841, 슬픔을 공부하는 슬픔, 신형철, 14400원
842, 참을 수 없는 존재의 가벼움, 밀란 쿤데라 외, 13500원
843, 모두 거짓말을 한다, 세스 스티븐스 다비도위츠 외, 16200원
844, 공부머리 독서법, 최승필, 14850원
845, 도서관을 훔친 아이, 알프레도 고메스 세르다 외, 11250원
846, 채권투자 핵심 노하우, 마경환, 19800원
847, 엄마의 말하기 연습, 박재연, 13320원
848, 백년 목, 정선근, 15750원
849, 유형으로 격파하는 Listening TAPA(리스닝타파) Level 3, 비상교육 편집부, 9900원
850, 시끌벅적 정글 사운드북, 샘 태플린 외, 14400원
851, 안목, 유홍준, 18000원
852, 자존감 수업, 윤홍균, 12600원
853, 내게 사막은 인생의 지도이다, 남영호 외, 13500원
854, 왜 세계의 절반은 굶주리는가?, 장 지글러 외, 11520원
855, 초등 영문법ͺ 문법이 쓰기다 기본 1, 키 영어학습방법연구소, 10800원
856, 유시민의 글쓰기 특강, 유시민, 13500원
857, 노인과 바다, 어니스트 헤밍웨이 외, 7200원
858, 1984, 조지 오웰 외, 8550원
859, 칼 같은 글쓰기, 아니 에르노 외, 11700원
860, 빨치산의 딸 1, 정지아, 8550원
861, 빨치산의 딸 2, 정지아, 8550원
862, 젊은 베르테르의 슬픔, 요한 볼프강 폰 괴테 외, 7200원
863, 끝날 때까지 끝난 게 아니다, 아재글(박순경), 13500원
864, 악플 전쟁, 이규희 외, 11700원
865, 직장인을 위한 실무 구글 스프레드시트, 진은영, 20700원
866, 쓸데없는 생각이 많은 편, 이민수, 10800원
867, 숨은그림찾기: 북적북적 직업탐험, 애플비북스 편집부 외, 8100원
868, 세계 나라 사전, 테즈카 아케미 외, 13500원
869, 어느 날 거위가, 전예진, 12600원
870, 나쁜 회사 재무제표, 이대훈, 17100원
871, 진화 인간, 방미진 외, 11700원
872, 그러니 그대 사라지지 말아라, 박노해, 16200원
873, 2023 식객 허영만의 세상에서 가장 맛있는 캘린더, 미래출판기획 외, 7920원
874, 워드마스터 중등 고난도, 박혜란 외, 12150원
875, 기억을 지워 주는 문방구, 조규미 외, 11700원
876, 세포충전건강법, 심영기, 16200원
877, 1일 1로그 100일 완성 IT 지식, 브라이언 W. 커니핸 외, 18000원
878, 열두 달 세시 풍속 이야기, 박혜숙 외, 12600원
879, 샬롯의 거미줄, 엘윈 브룩스 화이트 외, 9900원
880, 모스크바의 신사, 에이모 토울스 외, 16200원
881, 야밤의 공대생 만화, 맹기완, 14400원
882, 그 가이드가 집착광공의 품에서 벗어나는 방법. 4, 야생꽃, 3000원
883, 고등 국어 문법(2023), 동아출판 편집부, 13950원
884, 필요한 것만 골라 배우는 모던 C++, 페터 고칠링 외, 39600원
885, 왜그래ͺ가 아니라 괜찮아, 박상영, 16200원
886, 흔한남매 이상한 나라의 고전 읽기 1: 춘향전 토끼전 옹고집전, 최재훈 외, 12600원
887, 붉은 무늬 상자, 김선영, 11250원
888, 사마아, 마리 파블렌코 외, 11700원
889, 마더텅 전국연합 학력평가 기출문제집 고1 국어 독서(2022), 마더텅 편집부, 12510원
890, 딥러닝 컴퓨터 비전, 송정현, 20700원
891, 파타고니아ͺ 파도가 칠 때는 서핑을, 이본 쉬나드 외, 17820원
892, 리더스뱅크 Reader's Bank Level 7, 이장돌, 11700원
893, 반짝반짝 별찌, 윤미경 외, 10800원
894, 바쁜 초등학생을 위한 빠른 구구단, 강난영 외, 8100원
895, 세상 쉬운 영문법, 윤여홍, 17820원
896, 건축설비기사실기(23년대비), 조성안, 51300원
897, 틴틴팅클! 특별부록 박스 세트, 난 외, 31320원
898, 다시 만난 세계: 쩌미문 1, 샌드박스스토리 키즈 편집부, 13500원
899, 개념 플러스 유형 기본 라이트 초등 수학 5-1(2023), 비상교육 편집부, 14400원
900, 플라스틱 인간, 안수민 외, 12600원
